Company Name,Company Name for Emails,Account Stage,Lists,# Employees,Industry,Account Owner,Website,Company Linkedin Url,Facebook Url,Twitter Url,Company Street,Company City,Company State,Company Country,Company Postal Code,Company Address,Keywords,Company Phone,Technologies,Total Funding,Latest Funding,Latest Funding Amount,Last Raised At,Annual Revenue,Number of Retail Locations,Apollo Account Id,SIC Codes,NAICS Codes,Short Description,Founded Year,Logo Url,Subsidiary of,Qualify Account,Prerequisite: Determine Research Guidelines,Prerequisite: Research Target Company
Union Investment Real Estate GmbH,Union Investment Real Estate,Cold,"",290,real estate,ksqsebastian@googlemail.com,"",http://www.linkedin.com/company/union-investment-real-estate,"","",70 Valentinskamp,Hamburg,Hamburg,Germany,20355,"70 Valentinskamp, Hamburg, Hamburg, Germany, 20355","offene immobilienfonds, openended real estate funds, property investment, pooling mandates, international portfolio, real estate, real estate funds, commercial real estate, investment management, asset management, proptechs, digital ecosystem, hospitality, retail, office, logistics, residential, mixeduse, financial services, leisure, travel & tourism",'+49 212 7451427,"","","","","","","",6996e8de492be0000d81a7ce,"","","Union Investment Real Estate GmbH is a Hamburg-based real estate investment and asset management company, established in 1965. With over 60 years of experience, it provides property solutions for private and institutional investors across Europe and globally. The company manages assets totaling approximately 35-57 billion EUR through open-ended retail funds, specialized funds, and mandates. 

Headquartered in Hamburg, Union Investment has expanded its presence internationally with offices in cities like Paris, Madrid, New York, and Singapore. It employs around 285 people and generates about 1.6 billion USD in revenue. The firm manages a diverse portfolio of approximately 375-500 commercial properties across 22-25 countries, focusing on sectors such as office, retail, hotel, logistics, and residential. Union Investment emphasizes reliability, sustainability, and quality in its operations, and has launched initiatives like Union Investment Real Estate Digital GmbH to enhance its offerings in smart building platforms and thematic funds.",1965,https://zenprospect-production.s3.amazonaws.com/uploads/pictures/6980c7e549d7550001ec75f4/picture,"","","",""
"gmp von Gerkan, Marg and Partners Architects",gmp von Gerkan Marg and Partners Architects,Cold,"",430,architecture & planning,ksqsebastian@googlemail.com,http://www.gmp.de,http://www.linkedin.com/company/gmp-architekten-von-gerkan-marg-und-partner,https://facebook.com/gmparchitekten/,"",139 Elbchaussee,Hamburg,Hamburg,Germany,22763,"139 Elbchaussee, Hamburg, Hamburg, Germany, 22763","architect & architecture, project management, large-scale projects, renovation, cultural architecture, high-rise architecture, architectural design, timeless architecture, consulting, long-lasting architecture, environmental responsibility, building technology, digital design, climate-aware design, building in context, urban mobility, airport design, cultural heritage preservation, sustainable refurbishment, project lifecycle, mixed-use developments, urban infrastructure renewal, educational facilities, public participation, master planning, urban space optimization, sustainable urban development, sustainability, urban growth, adaptive reuse, urban landscape, climate-sensitive architecture, services, building in existing contexts, international offices, digital transformation, climate-conscious design, urban space revitalization, climate adaptation strategies, cultural sensitivity, future-proof buildings, construction, interdisciplinary planning, climate-conscious architecture, cultural projects, sustainable materials, urban fabric integration, urban development, climate-neutral design, design excellence, global presence, urban environment enhancement, architecture, heritage preservation, urban space design, award-winning projects, innovative design, circular economy, interior architecture, real estate development, climate-aware construction, building refurbishment, climate-adapted urban planning, climate adaptation, industrial buildings, heritage and modernity, public buildings, interdisciplinary collaboration, project consultancy, airport architecture, cultural heritage, museum architecture, heritage integration, timeless design principles, award-winning architecture, cultural landscape design, government, green building, urban infrastructure, smart city concepts, mixed-use development, architectural services, resource efficiency, sustainable architecture, sustainable city development, climate-responsive design, adaptive reuse projects, energy efficiency, global architecture, resource-efficient construction, construction management, urban integration, commercial architecture, certified standards, residential architecture, timeless design, long-term building performance, client dialogue, urban renewal in historic contexts, cultural and historical integration, urban growth management, interior design, high-rise buildings, urban design, climate-resilient buildings, long-lasting buildings, heritage building refurbishment, b2b, museum design, sustainable building, bim, civil engineering, digital workflows, international architecture, public infrastructure, urban renewal, urban planning, urban transformation, innovative construction, sports venues, heritage conservation, sustainable construction, cultural buildings, sports architecture, stadiums, office buildings, landscape architecture, climate responsibility, exhibitions, modernization, public spaces, educational buildings, healthcare architecture, community buildings, event spaces, transportation design, collaboration, design competitions, international projects, planning phases, multi-disciplinary teams, integrated project delivery, programming space, engineering integration, material innovation, flexible design, regional architecture, architecture awards, podium discussions, community engagements, architectural exhibitions, historical buildings, public art, new construction techniques, cabinets of curiosities, design philosophies, education, transportation & logistics, energy & utilities, construction & real estate, productivity, environmental services, renewables & environment, architecture & planning",'+49 40 881510,"SendInBlue, Outlook, Microsoft Office 365, Nginx, Mobile Friendly","","","","",23000000,"",6996e8de492be0000d81a7cd,8712,54131,"gmp von Gerkan, Marg and Partners is a prominent international architectural practice founded in 1965 in Hamburg, Germany. With over 500 employees across 13 offices in Germany, China, and Vietnam, the firm has completed more than 290 buildings worldwide and has received over 450 awards in various competitions.

The firm offers a comprehensive range of architectural services, including full-scale design and planning, urban and master planning, and sustainability-focused design. gmp is recognized for its expertise in various building types, such as transportation infrastructure, cultural facilities, sports venues, commercial and institutional buildings, and residential projects. Notable works include Berlin-Tegel Airport, Hamburg Airport, and significant projects in China and Italy. gmp's design philosophy emphasizes clarity and durability, addressing contemporary challenges like urbanization and mobility while maintaining a commitment to timeless architecture.",1965,https://zenprospect-production.s3.amazonaws.com/uploads/pictures/69830fd2df37a50001210e31/picture,"","","",""
Engel & Völkers,Engel & Völkers,Cold,"",7800,real estate,ksqsebastian@googlemail.com,"",http://www.linkedin.com/company/engelvoelkers-global,https://www.facebook.com/EngelVolkersBelgium/,https://twitter.com/EngelVoelkersHQ,5 Stadthausbruecke,Hamburg,Hamburg,Germany,20355,"5 Stadthausbruecke, Hamburg, Hamburg, Germany, 20355","premium residential property, commercial real estate, yachts, real estate, aviation, residential real estate, luxury properties",'+49 40 361310,"Salesforce, Cloudflare DNS, MailJet, Sendgrid, Gmail, Google Apps, Microsoft Office 365, CloudFlare Hosting, Backbone JS Library, VueJS, Microsoft Application Insights, Atlassian Cloud, Vercel, Create React App, GitLab, Mapbox, Magento, Zendesk, Slack, Google Maps, Google AdSense, Google Maps (Non Paid Users), Vimeo, Cedexis Radar, WordPress.org, YouTube, DoubleClick Conversion, DoubleClick, Google Places, Google Dynamic Remarketing, Adobe Media Optimizer, Google Analytics, Hubspot, Linkedin Marketing Solutions, Facebook Login (Connect), reCAPTCHA, Google Font API, Bing Ads, Mobile Friendly, Criteo, Multilingual, Facebook Custom Audiences, Facebook Widget, Google Tag Manager, Salesforce CRM Analytics, Microsoft PowerPoint, Microsoft Excel, Instagram, Facebook, Lever, Google, Microsoft Office, EVS, Adobe Creative Suite, Figma, TikTok, Pinterest, Adobe Photoshop, Adobe Photoshop Lightroom, Storyblok","",Merger / Acquisition,0,2021-08-01,3770000000,"",6996e8de492be0000d81a7cf,6500,"","Engel & Völkers is a global real estate company based in Hamburg, Germany. It specializes in the brokerage of premium residential and commercial properties, as well as yachts and aircraft. With operations in over 30 countries across five continents, the company employs between 10,000 and 15,000 people at more than 900 locations.

Founded in 1977, Engel & Völkers has evolved from its initial focus on German investors to a comprehensive real estate service provider. Its core services include property sales, leasing, and investment consultancy for both private and institutional clients. The company also offers real estate financing and emphasizes exceptional client experiences through innovative marketing and digital solutions. Engel & Völkers is committed to quality assurance and staff training, ensuring a high standard of service across its franchise network. Additionally, the Engel & Völkers Charity supports educational access for children in West Africa.",1977,https://zenprospect-production.s3.amazonaws.com/uploads/pictures/6985fa9a5312c00001b29ca9/picture,Permira (permira.com),"","",""
Techniker Krankenkasse,Techniker Krankenkasse,Cold,"",14000,insurance,ksqsebastian@googlemail.com,http://www.tk.de,http://www.linkedin.com/company/techniker-krankenkasse,"","",140 Bramfelder Strasse,Hamburg,Hamburg,Germany,22305,"140 Bramfelder Strasse, Hamburg, Hamburg, Germany, 22305","health promotion programs, digital health solutions, member portal, healthcare innovation portal, insurance agencies and brokerages, healthcare technology, healthcare digitalization, digital health apps, healthcare services, healthcare network, healthcare benefits, telehealth services, healthcare partnerships, healthcare innovation, healthcare provider, medical treatments, health data management, healthcare coverage germany, telemedicine services, family health benefits, b2c, healthcare accessibility, healthcare services germany, healthcare data security, telemedicine, international health insurance, health insurance germany, customer service, healthcare partnerships germany, preventive health programs, health coverage, healthcare awards germany, healthcare support services, healthcare customer service, rehabilitation, healthcare governance structure, preventive health, international health coverage, healthcare compliance, preventive care, dental care, health insurance, sustainable healthcare, health promotion, healthcare app, healthcare support, family health services, insurance, customer service healthcare, patient portal, digital health, healthcare benefits germany, healthcare system germany, digital healthcare solutions, healthcare governance, member services, health data security, healthcare system, patient care, healthcare solutions, telehealth, digital health services, digital health platform, healthcare coverage options, healthcare sustainability, health management apps, virtual care, healthcare digital tools, health insurance provider, patient portal access, medical treatment coverage, healthcare, healthcare awards, statutory health insurance, healthcare app services, healthcare quality, services, healthcare quality assurance, healthcare transparency, healthcare transparency initiatives, healthcare provider network, primary care, ehealth card, online application, member benefits, wellness programs, preventative care, children's health, family insurance, sickness benefits, medication coverage, digital innovations, health courses, stress management, exercise programs, nutrition support, chronic disease management, hospital care, high specialty care, cost reduction, emergency services, medical advice, prevention programs, health coaching, germany healthcare, tk-safe, personal health data, premium rates, insurance contributions, claims processing, health insurance coverage, co-payments, immunizations, optimal health, online health services, mental well-being, medical consultations, patient support, add-on insurance, wellness initiatives, provider networks, treatment options, non-profit, insurance agencies & brokerages, health care, health, wellness & fitness, hospital & health care, health care information technology, information technology & services, nonprofit organization management","","MailJet, Outlook, Microsoft Office 365, VueJS, Amazon SES, Apache, Webtrekk, Mobile Friendly, Google Play, Remote, AWS SDK for JavaScript, Microsoft Azure Monitor, AWS Trusted Advisor","","","","",43470000000,"",6996e8de492be0000d81a7d0,8731,52421,"Techniker Krankenkasse (TK) is the largest health insurance organization in Germany, headquartered in Hamburg. With around 11.6 million insured individuals, TK provides statutory health insurance and has a revenue of $15.7 billion. The organization employs approximately 14,000 people and has been recognized as ""Germany's best health insurance fund"" multiple times.

TK offers a range of digital health services, including the TK-App, which has over 6 million downloads and provides access to electronic medical records. The TK-Doc-App assists users with medical inquiries, featuring a symptom checker, laboratory value checker, and online consultations. Additional services include high-tech medicine contracts, health classes, and 24/7 support. TK also focuses on workplace health management through innovative solutions like Deep Care's digital health assistant. The company maintains a competitive contribution rate, emphasizing value, expert advice, and comprehensive benefits for its members.",1884,https://zenprospect-production.s3.amazonaws.com/uploads/pictures/697c6ea3dba1e000013d980a/picture,"","","",""
25hours Hotels,25hours Hotels,Cold,"",870,hospitality,ksqsebastian@googlemail.com,http://www.25hours-hotels.com,http://www.linkedin.com/company/25hours-hotels,https://facebook.com/25hoursHotels/,https://twitter.com/@25hourshotels,1 Bei den Muehren,Hamburg,Hamburg,Germany,20457,"1 Bei den Muehren, Hamburg, Hamburg, Germany, 20457","designhotel, hoteluebernachtung, reataurants, bar, hotelmanagement, hoteleroeffnung, veranstaltungen, local community hotel projects, local culture storytelling, culture and art partnerships, sustainable practices, local culture preservation hotels, environmentally friendly hotels, social spaces in hotels, sustainability, creative hospitality, authentic local experience, sustainable hotel development, city center hotels, culture and sustainability initiatives, culture-inspired hotel design, urban culture hotels, urban cultural hotels, community support in hospitality, b2c, local heritage hotels, local artist collaborations in hotels, construction & real estate, environmental responsibility, local culture reflection, individually designed hotels, community projects, culture and sustainability, local culture, community-focused hospitality, community engagement programs, culture and community hotels, unique hotel design, local artist collaborations, food and beverage, cultural hospitality, community-focused travel, culture and community, local storytelling in hotels, community engagement in hospitality, local storytelling, community support initiatives, sustainable urban hotels, culture-inspired interiors, lessors of residential buildings and dwellings, local flavor hotels, authentic travel experience, boutique hotel, local stories in design, art and gastronomy, culture-driven hotel, art and culture integration in hotels, urban community hotels, culture and environment in hotels, art and culture tourism, d2c, local art integration, art and gastronomy hotels, local gastronomy, urban boutique hotel, sustainable hotel practices, community support, local stories in hospitality, culture and community tourism, hospitality, local art inspired hotels, urban hotel experience, location-inspired hotels, community-driven hotel brand, local flavor in hospitality, sustainable tourism, sustainable city hotels, hotel design, community engagement, local community projects, culture and art integration, tourism, social hub, local art and culture, culture-focused boutique hotels, culture and community focus, personality-driven hotels, local heritage preservation, community-centered hotels, 25hours hotels, unique hotels, urban retreat, luxurious accommodations, individualized hospitality, cultural experience, local cuisine, gift vouchers, multicultural restaurants, rooftop bar, cocktail lounge, gastro experience, business events, creative spaces, wellness amenities, bike rental, pet friendly, sauna and relaxation, local attractions, art and culture, co-working space, hotel chains, event spaces, travel experiences, city exploration, family-friendly, luxury amenities, panoramic views, dining experiences, regional cuisine, social hubs, neighborhood support, creative staff, dynamic community, bar and lounge, entertainment events, live music, culinary events, guest services, short-term stays, business travel, vacation packages, local partnerships, hotel booking, reservations management, environmental services, renewables & environment, food & beverages, consumer goods, consumers, leisure, travel & tourism, live events, events, events services",'+49 69 40586890,"CSC Corporate Domains, Amazon SES, Microsoft Office 365, Segment.io, Mixpanel, Appcues, Campaign Monitor, Mapbox, Wordpress VIP, Slack, Stripe, Facebook Custom Audiences, Linkedin Marketing Solutions, Facebook Login (Connect), Gravity Forms, Facebook Widget, The Trade Desk, Nginx, Adform, Google Dynamic Remarketing, WordPress.org, YouTube, SynXis (Sabre Hospitality), Mobile Friendly, AB Tasty, DoubleClick, Sojern, FullStory, AppNexus, Google Tag Manager, Bing Ads, Google Analytics, DoubleClick Conversion, JQuery 1.11.1, AI, Conviva Operational Data Platform, Delphi, Microsoft Excel, Oracle Simphony POS, OPERA Cloud PMS, Sabre Hospitality SynXis","",Venture (Round not Specified),0,2016-11-01,362400000,"",6996e8de492be0000d81a7d1,7011,53111,"25hours Hotels is a design-focused boutique hotel brand that creates unique, culturally resonant hotels in vibrant cities around the world. Founded in 2005, the company started with a single property in Hamburg, Germany, and has since expanded to operate 17 hotels with 3,250 rooms in major cities such as Berlin, Paris, and Dubai. As part of Ennismore, which entered a joint venture with Accor in 2021, 25hours Hotels emphasizes individuality in each location, guided by the motto ""You know one, you know none.""

The hotels feature a mix of contemporary services and upscale amenities, catering to both leisure and business travelers. Each property includes multi-functional spaces, signature restaurants like NENI, and social hubs that foster connections between global travelers and local guests. The brand attracts design enthusiasts and adventurous travelers who appreciate fair prices and culturally authentic experiences, all while maintaining a focus on personal relationships and community engagement.",2005,https://zenprospect-production.s3.amazonaws.com/uploads/pictures/6982cbae8b2d560001249223/picture,"","","",""
